State,Pop,density
California,39995077,256.7424
Texas,29945493,114.6318
Florida,22085563,411.852
New York,20365879,432.158
Pennsylvania,13062764,291.951
Illinois,12808884,230.7117
Ohio,11852036,290.0574
Georgia,10916760,189.8138
North Carolina,10620168,218.4411
Michigan,10116069,178.922
New Jersey,9388414,1276.6405
Virginia,8757467,221.7642
Washington,7901429,118.8971
Arizona,7303398,64.2939
Massachusetts,7126375,913.6378
Tennessee,7023788,170.3356
Indiana,6845874,191.0868
Maryland,6257958,644.6851
Missouri,6188111,90.0194
Wisconsin,5935064,109.5879
Colorado,5922618,57.145
Minnesota,5787008,72.6765
South Carolina,5217037,173.5484
Alabama,5073187,100.1715
Louisiana,4682633,108.3842
Kentucky,4539130,114.9554
Oregon,4318492,44.9899
Oklahoma,4000953,58.3272
Connecticut,3612314,746.0376
Utah,3373162,41.051
Iowa,3219171,57.6324
Nevada,3185426,29.0162
Arkansas,3030646,58.2425
Mississippi,2960075,63.0837
Kansas,2954832,36.1408
New Mexico,2129190,17.5534
Nebraska,1988536,25.8843
Idaho,1893410,22.9107
West Virginia,1781860,74.1268
Hawaii,1474265,229.529
New Hampshire,1389741,155.2263
Maine,1369159,44.3912
Rhode Island,1106341,1069.9623
Montana,1103187,7.5796
Delaware,1008350,517.3679
South Dakota,901165,11.887
North Dakota,800394,11.5997
Alaska,738023,1.2933
Vermont,646545,70.147
Wyoming,579495,5.9685